adid,bkid
169,125
67,6016
217,6021
92,1393
142,129
125,131
102,132
110,133
183,134
46,135
160,136
414,1394
45,12
46,12
47,13
46,13
45,14
46,14
26,15
39,16
40,17
46,18
103,138
128,6022
117,140
76,141
125,142
1011,144
116,145
106,146
103,147
186,6030
183,149
40,55
1059,56
27,58
199,60
34,61
40,63
195,64
873,65
178,1398
101,68
110,69
226,71
228,72
286,73
98,77
228,78
160,79
342,82
342,83
164,84
106,85
765,86
168,6012
290,88
20,89
230,90
294,91
40,92
338,94
133,95
870,96
169,98
180,99
183,100
112,103
1139,6031
22,105
79,106
233,107
470,108
229,109
26,110
65,6032
280,113
1011,115
78,116
152,117
103,118
29,119
98,120
230,122
236,123
160,6036
557,150
261,151
141,152
1174,6040
74,157
164,158
32,240
199,160
102,162
28,164
875,165
259,167
111,169
272,170
161,172
133,173
273,177
26,178
195,179
164,180
144,181
169,6064
209,184
141,188
131,189
810,190
164,191
285,3044
144,5418
280,194
169,196
520,197
32,199
312,201
181,203
125,204
112,205
92,207
99,1401
29,210
98,211
107,212
180,213
193,214
342,216
161,217
85,218
236,220
745,221
125,222
106,223
131,224
810,225
60,227
164,228
142,229
77,231
209,232
32,234
25,235
100,241
209,243
64,247
289,248
736,2551
161,251
29,254
289,255
136,257
180,259
81,261
113,262
142,263
145,6076
27,266
279,6079
237,271
145,272
1105,6094
164,275
111,281
145,282
184,284
542,1381
142,290
472,292
240,293
101,296
197,297
141,6097
26,302
125,305
41,306
228,309
225,2553
226,315
28,316
164,319
206,322
102,323
314,6098
768,326
719,6102
283,195
29,233
316,1403
185,237
319,6125
107,310
142,314
195,317
155,318
572,6126
138,329
46,333
981,6127
571,1404
101,336
282,337
134,339
53,340
71,341
501,6131
290,343
291,344
371,345
1078,6133
1226,6135
289,349
146,354
286,355
283,356
46,357
688,6138
338,359
288,3047
125,362
164,365
271,366
125,367
134,370
109,371
117,372
236,375
390,380
161,382
84,383
779,6155
134,386
720,6159
41,390
110,392
182,393
143,396
65,400
195,401
125,404
166,407
79,410
226,411
280,412
96,415
164,417
164,418
602,6170
53,424
129,426
181,427
109,428
598,6178
168,431
43,432
227,433
76,436
59,439
152,442
1229,6189
1011,447
873,449
790,6196
266,453
152,455
142,457
112,458
220,459
127,463
169,464
160,465
179,467
327,6314
1239,6316
1243,6318
184,475
33,479
27,480
1239,6320
102,486
289,488
43,490
164,491
29,492
98,494
1243,6326
161,500
577,6328
167,503
166,504
1239,6329
109,506
259,508
294,511
294,512
711,6330
705,6332
710,6333
309,522
98,524
142,526
154,528
160,529
1246,6338
228,533
102,535
295,536
810,537
810,539
104,540
283,543
270,544
689,6340
135,546
557,553
1252,6341
557,556
363,557
113,558
53,560
109,561
720,6349
220,567
75,568
473,569
73,570
43,571
160,572
810,573
164,577
26,579
256,581
670,6350
43,584
150,589
623,6352
112,591
875,592
160,593
34,594
267,595
209,600
40,602
788,6353
557,612
129,613
150,615
291,616
289,617
294,625
719,6357
1254,6361
289,630
89,6362
100,633
810,636
283,639
315,640
1255,6364
1061,642
505,646
1074,6365
832,648
873,649
1064,650
1257,6370
987,652
319,653
522,654
307,655
380,656
348,657
513,658
85,143
165,155
188,6035
168,75
41,93
117,97
166,101
768,102
117,161
136,163
217,182
29,185
290,230
272,285
141,6045
178,389
217,402
80,437
89,496
142,497
98,507
117,534
1059,563
92,597
113,599
92,605
150,627
306,659
498,660
853,6132
399,662
498,669
519,671
569,674
378,6293
544,679
517,680
931,684
316,685
536,686
556,690
1062,692
531,694
529,695
478,699
783,701
581,705
1039,706
1038,707
491,708
1038,710
436,711
433,714
783,715
424,717
1039,718
1068,719
429,720
581,722
327,723
438,724
437,725
1038,728
327,729
478,731
803,6120
431,735
309,736
585,738
425,743
362,745
585,746
783,747
430,749
1039,750
437,751
436,752
786,754
585,755
937,757
40,1412
429,759
425,760
786,762
440,763
313,770
786,772
1034,773
786,774
428,782
425,783
361,792
786,797
894,799
425,800
313,803
362,805
786,809
425,813
423,816
423,818
478,821
426,827
902,832
424,834
902,835
1035,836
423,837
425,838
432,839
440,840
937,842
1070,843
556,844
1035,846
1033,847
435,848
1056,849
1020,851
426,852
1032,853
1035,854
1070,855
425,856
1033,857
1068,863
313,864
1020,865
1020,866
959,867
362,868
423,869
786,870
574,872
1020,873
360,874
362,875
361,876
425,877
1034,879
786,881
581,882
586,883
1034,884
425,885
1036,886
491,889
327,891
423,893
1035,895
586,896
456,897
585,898
1038,899
584,900
437,901
581,903
435,905
786,908
440,909
578,910
362,911
833,913
362,914
440,915
432,916
429,917
423,919
583,920
587,926
992,927
1072,929
797,930
402,933
617,934
618,938
929,939
476,941
610,942
591,945
798,947
624,949
591,951
499,953
374,959
371,960
404,963
480,964
160,6024
217,198
167,209
144,256
470,288
76,6085
578,1413
390,388
164,474
181,478
179,481
71,482
85,520
283,574
1225,6115
54,578
199,585
671,6116
399,677
667,6139
544,683
545,691
327,704
423,779
1034,819
902,823
425,831
1035,850
579,859
1033,862
937,871
1039,922
786,923
1034,924
1033,925
626,952
621,968
763,971
609,972
878,975
735,976
609,979
608,980
609,985
773,986
499,987
371,989
479,993
588,994
621,996
632,998
414,999
480,1000
401,1001
752,1003
796,1004
929,1005
740,1010
855,1012
624,1014
419,1018
796,1021
328,1023
749,1025
733,1026
375,1027
617,1028
618,1029
621,1030
398,1031
617,1032
378,1033
897,1035
929,1041
735,1044
329,1047
607,1049
794,1050
618,1061
794,1062
373,1063
1073,1064
763,1065
755,1067
796,1070
1074,1071
683,1075
660,6144
402,1083
548,1078
690,1084
690,1086
1018,1087
1074,1088
1074,1091
661,1093
685,1094
685,1095
690,1096
665,1098
665,1099
690,1102
59,1104
1074,1107
690,1108
381,1111
682,1113
1074,1116
690,1117
778,1118
1018,1119
501,1120
537,1124
1075,1126
505,1130
554,1133
522,1135
545,1136
543,5717
551,1140
728,1141
514,1142
1075,1143
498,1145
569,1151
1034,1152
452,1153
516,1159
399,1161
704,6145
853,1163
357,1164
550,1165
877,1166
348,1168
570,1169
319,1170
542,1171
530,1172
903,1173
566,1174
359,1175
356,1178
832,1179
1016,1181
1078,1184
355,1186
531,1187
571,1188
536,1190
319,1193
319,1195
317,1196
1079,1201
355,1204
305,1206
1080,1209
506,1211
1062,1215
1078,1217
461,1222
303,1224
509,1227
572,1232
529,1235
519,1237
355,1240
572,1241
1015,1242
502,1245
357,1246
1080,1247
550,1248
513,1249
452,1250
319,1251
452,1253
1066,1254
1061,1256
525,1258
540,1259
452,1260
537,1261
987,1266
513,1267
569,1271
727,1272
1079,1273
50,244
25,250
127,1396
77,283
810,289
29,291
386,2193
289,332
261,6078
803,6119
259,395
27,406
26,408
138,435
169,456
164,485
164,518
278,548
473,586
57,596
142,604
234,611
89,621
78,622
315,631
1062,645
306,667
455,689
894,721
360,756
425,761
583,771
319,775
578,785
313,786
1070,787
937,788
832,1314
425,793
362,794
1034,798
423,806
313,810
1034,811
1037,812
309,815
432,817
423,820
833,880
436,892
491,907
425,918
425,921
621,937
749,982
827,988
630,1045
621,1056
618,1057
682,1074
1074,1109
543,1121
677,6140
339,1167
901,1183
570,1191
1062,1194
317,1199
958,1208
1015,1218
357,1221
544,1228
302,1236
319,1244
1016,1255
832,1274
301,1276
357,1277
525,1279
544,1283
522,1285
498,1287
554,1290
1065,1296
832,1297
958,1298
317,1302
359,1305
1034,1311
607,1312
796,1316
229,1318
517,1327
138,1330
928,1331
353,1332
622,1333
160,1334
354,1336
455,1338
152,1342
142,1345
414,1347
152,1348
98,1349
903,1351
994,1352
902,1353
1080,1354
1085,1356
958,1363
168,1369
133,1370
102,1372
153,1376
1036,1378
229,1379
292,1380
155,1384
309,1386
528,1387
316,1388
514,1389
161,1392
134,1406
101,1414
566,1415
361,1418
1076,1419
165,1420
106,1423
228,1425
198,1428
291,1431
348,1433
363,1434
340,1436
897,1437
268,1438
751,1439
793,1440
189,1442
1086,1443
143,1444
542,1445
1065,1448
133,1449
992,1450
111,1453
163,1454
85,1457
799,1458
229,1459
85,1460
1087,1464
28,1465
155,1463
92,1468
958,1470
376,1471
338,1473
624,1477
529,1478
347,1479
733,1480
93,1482
269,1487
278,1488
439,1489
690,1496
937,1498
426,1502
892,1507
59,1508
578,1509
473,1510
514,1511
240,1514
167,1516
98,1520
455,1522
180,1523
46,1524
104,1525
54,1530
491,1532
259,1534
99,1536
141,206
28,6038
212,1405
41,57
41,59
28,62
27,300
239,330
220,338
106,377
180,397
74,399
85,405
44,2554
81,441
397,2534
260,477
144,493
134,6077
236,532
226,566
135,575
1062,643
903,664
780,6143
572,673
661,2061
554,687
1067,693
436,702
434,737
1037,739
437,748
432,777
362,778
585,928
621,957
609,967
906,1016
594,1038
375,1039
404,1040
796,1046
381,1090
552,1123
528,1129
456,1132
1075,1144
301,1148
516,1149
353,1155
319,1157
339,1192
359,1202
572,1219
461,1220
339,1225
525,1233
1067,1238
316,1239
987,1243
353,1264
303,1294
570,1295
431,1319
184,1322
354,1323
127,1324
806,1326
99,1328
456,1343
103,1359
755,1360
152,1375
282,1390
528,1408
181,1417
32,1427
476,1432
763,1446
517,1455
240,1467
357,1474
749,1476
1088,1484
150,1486
1035,1491
742,1494
127,1501
267,1504
41,1505
361,1506
127,1517
141,1519
221,1526
374,1528
270,1529
735,1538
307,1541
390,1542
1035,1545
541,1547
209,1548
584,1549
1089,1550
381,1555
1071,1558
174,1564
629,1565
234,1566
309,1569
778,1572
398,1573
165,1578
1091,1579
796,1580
46,1582
146,1584
733,1586
290,1588
839,1589
109,1594
381,1595
685,1597
525,1599
219,1600
419,1602
584,1603
152,1608
168,1609
893,1610
280,1611
157,1612
102,1614
30,1616
773,1619
356,1620
289,1621
581,1622
338,1623
992,1624
138,1625
544,1626
513,1630
1056,1631
720,1633
161,1635
89,1638
29,1639
747,1640
911,1643
435,1646
157,1647
127,1648
229,1654
290,1656
289,1659
106,1663
188,1666
46,1667
1094,1668
661,1669
100,1670
57,1672
682,1676
183,1678
117,1679
13,1680
290,1681
584,1682
665,1683
958,1684
127,1688
141,1699
278,1704
166,1705
353,1706
164,1708
164,1709
177,1710
1059,1712
558,1715
892,1716
170,1717
51,1719
1035,1720
360,1724
796,1727
290,74
719,6041
288,80
290,81
715,111
472,114
242,121
52,130
145,153
146,239
103,280
142,286
57,311
81,320
312,325
46,423
111,6067
168,450
278,451
236,454
7,484
285,6082
160,510
101,513
52,6084
106,538
184,541
50,542
765,562
93,588
793,603
25,610
168,623
267,624
546,672
1038,703
327,730
270,1382
309,807
522,1426
1070,825
585,826
423,841
424,860
361,888
360,890
584,904
786,912
610,932
607,955
419,956
629,958
379,1002
773,1008
366,1043
611,1048
621,1054
374,1055
906,1060
480,1069
1018,1110
610,6149
1067,1128
1078,1177
727,1229
540,1263
544,1269
356,1282
958,1301
92,1307
286,1546
195,1563
111,1574
1058,1604
229,1607
177,1627
161,1636
360,5697
433,1645
578,1651
437,1658
47,1685
256,1687
501,1695
52,1701
429,1722
760,1728
183,1733
572,1734
1097,1736
661,1737
760,1738
111,1740
619,1741
369,1745
1058,1746
161,1748
361,1749
587,1750
127,1753
1033,1755
837,1757
670,1759
775,1761
806,1763
802,1769
386,1771
688,1772
1098,1773
595,1774
786,1775
666,1776
1007,1777
607,2234
702,1780
415,1781
695,1786
394,1785
710,1789
487,1791
423,1792
411,1795
826,1798
18,1799
722,1800
725,1801
905,1802
1061,2040
362,1804
709,1807
677,1808
330,1809
364,1810
44,2051
1002,1813
602,1815
789,1817
993,1818
803,1821
368,1822
423,1827
602,1828
880,1830
786,1831
790,1832
807,1834
762,1836
331,1838
709,1839
1004,1840
1026,1841
689,1843
993,1845
678,1848
13,1849
668,1851
789,1852
585,1853
706,1855
1017,1857
705,1858
672,1859
695,1861
331,1862
415,1865
688,1867
880,1869
141,1872
402,2083
911,1874
317,1882
516,1883
1100,1884
797,1887
169,1889
111,1893
1035,5223
286,1895
993,1898
558,1899
566,1900
98,1901
631,1902
226,1904
290,1905
563,1907
84,1917
764,1919
207,168
242,171
271,174
229,175
240,176
207,186
207,187
240,200
261,202
289,215
106,219
791,226
64,238
26,242
29,6048
125,246
385,6049
25,6056
260,258
98,260
267,264
240,270
41,274
44,276
40,277
142,278
20,294
134,295
184,299
271,304
141,308
136,313
557,346
102,352
875,353
155,363
873,368
289,6059
111,374
136,376
291,379
236,409
342,6060
271,416
793,421
259,425
22,430
19,446
290,1395
34,460
32,461
296,466
207,471
160,530
228,583
28,598
160,618
434,764
435,765
424,766
583,767
581,768
361,776
423,814
1035,861
419,962
375,965
1074,1106
622,1017
739,1020
609,1037
1018,1115
545,1122
782,6134
1076,1131
1077,1147
1177,6150
532,1160
316,1185
508,1197
1081,1212
355,1213
1078,1214
508,1216
572,1257
534,1262
316,1275
877,1278
399,1281
425,1308
362,1309
113,1355
557,1402
227,1416
360,1447
183,1500
680,1503
398,1543
187,1544
312,1551
226,1557
301,1562
915,1575
894,1583
127,1591
632,1592
476,1605
152,1606
141,1615
207,1650
44,1657
574,1664
301,1671
773,1675
1067,1677
165,1690
164,1714
479,1726
545,1735
722,1765
717,1793
383,1797
689,1833
702,1876
614,1896
1101,1908
480,1920
570,1925
277,1928
516,1935
93,1937
51,1940
510,1941
413,1942
832,1946
680,1947
165,1949
435,1951
260,1952
242,1955
584,1957
1078,1961
452,1962
31,1963
46,1964
125,1966
174,1970
755,1971
711,1973
355,5733
602,1976
602,1977
569,1978
96,1979
529,1980
491,1983
171,1984
627,1985
555,1987
870,1988
209,1993
516,1998
23,1999
303,2001
768,2002
569,2004
152,2007
159,2008
29,2009
101,2010
354,2011
256,2014
565,2015
29,2017
41,2018
803,2020
447,2021
788,2023
762,2025
762,2026
1005,2028
1026,2029
860,2030
49,2039
670,2032
719,2033
657,2034
1002,2035
116,298
98,6053
268,350
51,444
89,445
266,470
160,495
347,501
342,517
167,519
49,523
134,525
270,547
46,549
145,550
1224,6101
278,552
183,554
207,559
52,565
741,580
314,587
391,6121
127,608
314,609
89,614
229,620
81,635
67,637
161,638
505,644
903,665
374,700
574,712
431,713
309,716
433,726
937,727
313,733
574,734
763,740
897,1317
786,822
902,833
832,845
833,894
616,935
608,944
413,954
419,969
592,978
631,997
398,1052
690,1053
906,1068
690,1073
665,1085
381,1101
682,1112
682,1114
513,1154
1016,1176
566,1182
728,1200
302,1205
533,1226
339,1230
832,1234
357,1270
552,1280
542,1284
532,1286
1078,1300
49,1409
32,1411
793,1456
621,1466
414,1475
178,1483
622,1485
135,1497
160,1515
793,1576
806,1593
415,1642
426,1697
39,1700
154,1752
411,1758
666,1760
775,1788
389,1805
687,1854
690,1880
1079,1885
607,1886
614,1897
498,1909
522,1911
449,1915
375,1933
309,1939
100,1945
117,1965
387,2036
352,2041
1104,2042
167,2044
426,2045
1066,2047
316,2050
1061,2052
312,2053
102,2054
155,2055
439,2057
102,2060
806,2062
1016,2066
730,2067
555,2068
101,2071
1105,2076
229,2081
102,2084
306,2087
269,2091
682,2092
566,2093
167,2095
892,2096
796,2097
431,2098
51,2100
101,2103
431,2106
549,2107
49,2109
261,2111
143,2112
682,2113
623,2116
801,2117
1108,2120
64,2125
1038,2126
880,2128
234,2134
727,2135
958,2136
153,2137
433,2138
127,2141
141,2142
359,2143
117,2144
379,2147
1018,2148
160,2150
480,2156
187,2158
174,2160
501,2162
390,2165
432,2167
900,2168
193,2173
1036,2174
1112,2178
584,2179
806,2182
611,5455
430,2191
833,2201
498,2203
267,2204
837,2207
880,2209
880,2211
502,2213
765,2214
549,2216
338,2217
167,2220
226,2221
304,2223
480,2226
169,2227
270,351
189,364
228,1397
23,381
283,385
164,391
279,398
136,403
529,1399
716,6065
47,434
100,6068
66,469
69,476
24,606
80,634
440,753
1037,769
361,780
786,781
478,784
783,789
1056,795
1056,796
425,1313
322,858
1034,878
362,887
578,902
1037,906
337,931
371,936
609,940
622,950
796,961
479,983
413,991
48,1006
627,1011
606,1013
1073,1019
794,1022
617,1058
906,1059
690,1100
381,1105
302,1207
1082,1223
41,1320
381,1350
212,1361
32,1383
1070,1400
169,1407
184,1410
1011,1421
355,1424
291,1429
164,1430
166,6069
102,1441
110,1495
240,1499
292,1527
1036,1531
1035,1535
278,1540
730,1552
153,1553
381,1554
690,1559
504,1577
409,1581
28,1585
254,1628
929,1644
461,1653
152,1692
279,1703
452,1725
398,1742
449,1764
666,1811
834,1837
884,1847
788,1856
686,1870
879,1875
445,1877
774,1913
680,1927
733,1930
327,1931
610,2022
492,2027
810,2043
690,2056
167,2070
271,2074
553,2077
1101,2079
309,2123
903,2130
32,2154
199,2161
152,2177
793,2189
585,2194
880,2208
229,2225
735,2236
1020,2241
690,2242
165,2243
608,2247
561,2251
195,2253
237,2254
527,2256
166,2258
112,2261
193,2266
184,2268
499,2271
782,2275
110,2276
764,2277
307,2280
1114,2281
563,2287
527,2289
187,2290
275,2293
903,2295
104,2296
268,2298
569,2300
111,2301
848,2304
660,2306
714,2308
551,2310
1091,2313
375,2314
122,2317
159,2319
1033,2347
46,2349
401,2350
1034,2354
138,2356
560,2363
304,2366
1036,2374
965,2378
171,2382
556,2384
30,2387
98,2389
98,2391
1120,2392
127,2393
480,2394
127,2396
551,2397
1002,2401
413,2402
479,2403
978,2404
26,2405
920,2406
141,2408
143,2411
39,2416
338,2417
599,2419
1007,2420
98,2423
289,2424
291,2425
1020,2429
1121,2434
900,2435
415,2436
305,2437
378,2438
152,2441
1124,2442
1016,663
571,666
658,6151
305,675
319,682
904,688
556,696
517,697
389,2546
438,709
362,741
440,742
585,744
1034,790
434,824
428,828
992,829
786,830
796,946
621,948
621,1007
607,1015
616,1024
398,1034
621,1042
733,1051
794,1066
1074,1072
958,1079
356,1081
381,1089
690,1092
584,1097
455,1134
877,1137
877,1146
452,1156
516,1158
339,1189
903,1198
987,1203
514,1210
506,1252
1067,1265
519,1268
316,1299
903,1306
1068,1310
122,1325
588,1335
102,1337
98,1346
260,1358
157,1365
290,1373
354,1385
609,1490
141,1537
167,1561
207,1613
290,1617
610,1618
111,3930
85,1632
160,1649
127,1652
161,1655
184,1662
449,1766
720,1820
835,1842
786,1846
667,1866
319,1910
179,1943
873,1948
741,1950
661,2000
736,2048
96,2058
773,2063
587,2086
806,2090
207,2166
142,2169
229,2171
728,2190
106,2192
229,2199
167,2205
478,2230
153,2252
40,2257
581,2297
28,2305
1116,2325
690,2328
291,2369
435,2372
52,2380
1110,2415
428,2428
570,2443
27,2446
763,2448
111,2451
135,2452
374,2453
993,2455
228,2457
789,2458
623,2459
122,2460
623,2462
707,2463
199,2466
373,2467
243,2468
549,2470
618,2471
141,2477
41,2479
13,2482
329,2483
476,2485
702,2486
404,2487
670,2488
993,2489
617,2490
143,2491
620,2492
993,2496
395,2497
91,2499
131,2501
749,2502
373,2506
217,2509
226,2510
789,2511
1018,2512
383,2516
623,2517
682,2521
195,2522
85,2524
11,2526
109,2527
227,2528
504,4587
709,2530
1110,2532
101,2540
260,6070
1074,2542
236,2543
220,2547
672,2558
487,2568
127,2570
1128,2580
24,2585
1004,2589
411,2592
788,2603
44,2605
19,2608
389,2613
762,2618
391,2620
375,2627
80,2631
28,2635
802,2638
207,2642
236,2646
100,2648
229,2652
897,2654
609,2656
1005,2657
775,2658
390,2662
416,2668
415,2669
609,2670
623,2672
376,970
371,973
610,974
404,977
588,981
735,984
373,990
7,992
773,995
375,1009
665,1103
1061,1180
419,1339
256,1422
768,1451
26,1452
757,1469
29,1472
259,1481
561,1492
375,1493
590,1513
206,1521
256,1567
301,1568
901,1587
280,1694
892,1702
34,1707
164,1711
48,1713
314,1721
449,1868
1002,1871
531,1934
283,1936
268,1956
164,1997
893,2012
164,2013
516,2072
1061,2078
282,2080
357,2082
161,2085
690,2110
1058,2119
125,2124
117,2139
1109,2146
270,2153
136,2157
143,2197
763,2222
93,2224
682,2235
793,2286
133,2292
305,2324
690,2327
870,2358
306,2383
499,2410
193,2439
234,2469
670,2515
682,2519
682,2555
1018,2559
117,2583
406,2596
942,2602
406,2607
860,2639
406,2645
67,2655
371,2675
1004,2682
722,2683
689,2690
690,2691
961,2692
106,2694
725,2696
720,2697
39,2707
240,2709
239,2710
710,2713
669,2714
787,2716
704,2718
602,2721
98,2724
102,2729
411,2732
391,2734
122,2735
127,2738
207,2739
67,2746
66,2747
884,2751
797,2752
217,2756
774,2759
391,2762
835,2772
375,2775
31,2779
1110,2780
40,2783
747,2789
242,2791
106,2792
897,2793
1007,2795
256,2804
234,2810
1130,2813
388,2819
834,2820
702,2823
688,2824
801,2827
602,2828
1125,2830
688,2831
1131,2833
1132,2833
315,2838
276,2843
510,2844
340,2846
362,2863
754,2873
670,2874
544,2879
289,2893
1134,2894
1133,2895
502,2904
155,2907
268,2915
803,2916
1139,2919
506,2920
533,2922
1139,2923
690,2924
153,2927
83,2933
290,2934
1140,2935
275,2938
65,2939
455,2943
712,2946
835,2947
803,2948
357,2958
322,2961
964,2968
438,2980
425,2994
167,2995
768,2996
391,3001
264,3009
51,3013
860,3017
551,3018
699,3021
184,3028
914,3029
153,3033
157,3034
501,3035
540,3036
551,3039
768,3040
857,3048
460,3049
286,3050
183,3051
1032,3052
621,3056
803,3058
554,1288
1079,1289
931,1291
354,1292
529,1293
782,1303
981,1304
240,1315
292,1321
138,1340
289,1344
794,1357
188,1362
473,1364
289,1366
295,1367
280,1368
798,1371
141,1374
93,1391
167,1512
280,1518
167,1533
1056,1570
89,1596
430,1634
1093,1660
437,1661
381,1665
122,1693
312,1743
610,1747
685,1751
688,1756
686,1806
689,1860
920,1863
1110,4592
782,1888
791,1922
912,1929
228,1944
165,1953
237,1959
102,1967
912,1989
314,1991
827,1995
581,1996
915,2016
269,2019
717,2037
803,2046
1037,2065
289,2094
690,2108
111,2122
283,2132
195,2176
1037,2181
159,2183
835,2195
106,2198
180,2202
679,2212
739,2218
168,2219
628,2233
159,2249
431,2259
178,2262
621,2265
1065,2274
288,2294
127,2299
166,2302
1074,2318
168,2326
145,2332
109,2390
810,2395
755,2414
578,2427
230,2445
778,2454
103,2481
671,2494
709,2495
143,2500
13,2503
602,2505
94,2513
111,2518
268,2533
389,2563
381,2578
487,2597
117,2599
117,2610
664,2623
117,2649
708,2663
834,2664
712,2689
394,2699
806,2719
1047,2754
859,2768
779,2774
13,2785
880,2796
689,2800
376,2832
259,2834
391,2861
490,2878
384,3901
929,2892
416,2898
66,2952
340,2987
848,2998
587,3003
78,3012
184,3019
188,3023
425,3054
502,3060
22,3063
65,3064
455,3065
490,3069
290,3070
1137,3071
963,3072
22,3073
1030,3075
774,3076
456,3079
154,3083
530,3084
508,3086
278,3091
183,3093
882,3095
548,3096
487,3098
390,3100
373,3102
802,3108
700,3113
762,3116
383,3117
718,3118
209,3119
790,3123
220,3127
711,3128
704,3130
212,3135
24,3137
810,3141
709,3143
707,3146
666,3149
264,3155
583,3161
501,3163
59,3165
542,3168
76,3169
542,3171
688,3172
720,3173
330,3174
47,3176
848,3181
553,3182
992,3187
291,3188
292,3191
954,3192
380,3193
134,3199
28,3201
884,3202
127,3203
879,3205
1035,1539
1092,1590
685,1598
752,1637
682,1673
566,1674
266,1686
1095,1689
665,1691
1096,1696
27,1723
764,1729
931,1730
134,1731
690,1732
153,1739
226,1744
33,1754
1007,1762
736,1767
779,1768
408,1770
416,1782
673,1787
368,1790
910,1796
689,1814
707,1816
704,1819
779,1823
668,1824
789,1825
389,1826
1018,1829
909,1844
884,1850
835,1864
1099,1881
433,1903
623,1912
774,1914
775,1918
159,1921
749,1923
133,1924
255,1954
588,1958
102,1990
796,2102
178,2149
229,2188
438,2237
188,2250
267,2311
543,2336
1039,2342
122,2351
144,2357
685,2367
682,2377
1119,2385
26,2399
94,2412
806,2473
22,2514
111,2531
290,2544
1039,2545
487,2576
253,2582
1126,2604
11,2634
689,2674
725,2678
1026,2698
75,2720
134,2730
235,2744
752,2761
415,2786
65,2797
406,2801
608,2822
71,2825
343,2835
289,2840
793,2842
994,2848
504,2867
587,2881
902,2882
552,2906
545,2910
57,2921
540,2950
424,2953
157,2956
1038,2966
185,2970
74,2978
312,2984
53,2988
981,2990
587,2997
190,2999
555,3006
1035,3008
19,3014
800,3016
729,3024
159,3046
458,3066
848,3067
623,3077
704,3106
685,3111
939,3115
94,3122
747,3139
773,3150
158,3160
524,3178
102,3206
117,3210
411,3211
127,3214
806,3215
722,3216
834,3217
386,3219
682,3223
608,3225
682,3228
665,3236
802,3238
763,3239
379,3240
602,3241
801,3242
707,3243
414,3244
722,3245
666,3246
331,3248
965,3250
1126,3251
110,3253
131,3254
96,3258
117,3259
46,3264
792,3270
174,3275
606,3276
937,3277
937,3279
802,3280
478,3285
174,3286
189,3289
184,3291
228,3292
839,3294
291,3295
721,3297
436,3298
768,3312
723,3313
174,3315
74,3334
532,3335
391,3337
391,3339
184,3342
178,3346
436,3349
291,3352
472,3353
745,3358
540,3362
67,3363
478,3365
799,3367
152,3369
155,3374
533,3377
552,3383
995,3387
451,1794
384,1835
259,1878
1176,5812
160,1891
733,1892
624,1926
96,1932
1073,1938
1082,1960
7,1968
177,1969
28,1981
1093,1982
806,1986
240,1992
111,1994
94,2003
894,2006
1007,2024
689,2038
672,2049
134,2059
155,2069
229,2073
98,2075
1011,2089
794,2099
453,5686
439,2115
180,2118
419,2129
435,2131
94,2140
572,2145
499,2151
354,2159
685,2163
764,2164
622,2170
160,2172
281,2175
179,2184
723,2187
153,2196
355,2200
880,2210
160,2215
104,2232
312,2238
319,2240
1074,2244
240,2246
1113,2260
302,2263
588,2264
98,2267
366,2272
160,2285
278,2323
491,2330
1117,2338
188,2340
513,2375
404,2388
536,2400
112,2422
1038,2426
531,2440
939,2447
835,2449
751,2456
665,2464
1017,2520
479,2539
606,2549
993,2572
940,2617
860,2640
591,2660
409,2673
390,2778
111,2809
376,2817
153,2849
786,2851
528,2871
551,2876
504,2880
498,2884
76,2885
187,2890
768,2914
561,2928
584,2959
327,2965
802,2975
157,2979
915,2981
839,2982
362,2985
46,3011
449,3022
52,3025
918,3041
917,3061
857,3074
270,3085
127,3089
231,3099
408,3124
382,3144
544,3156
460,3167
505,3170
154,3184
724,3195
617,3197
143,3200
906,3212
408,3226
706,3232
219,3233
357,3390
1024,3393
362,3394
623,3395
340,3401
168,3403
1083,3404
174,3407
1003,3408
304,3411
425,3412
902,3413
524,3416
1038,3417
1071,3418
555,3419
857,3421
552,3429
764,3430
1024,3431
303,3432
184,3435
425,3436
1133,3445
1104,3446
384,3451
168,3454
314,3466
504,3476
270,3478
556,3482
877,3483
168,3484
178,3503
188,3504
168,3507
873,3509
157,3514
153,3521
169,3522
177,3523
76,3524
543,3526
768,3529
680,3530
161,3532
423,3537
548,3538
931,3541
438,3543
161,3545
304,3549
1039,3551
1035,3552
268,3553
727,3556
153,3561
52,5232
168,3563
362,3565
456,3566
504,3569
155,3570
160,3572
583,3573
773,1972
704,1974
305,2101
499,2105
682,2127
11,2206
242,2255
587,2283
745,2312
786,2346
54,2360
29,2361
740,2365
127,2418
712,2444
106,2562
104,2564
407,2566
22,2567
695,2569
682,2575
389,2579
627,2581
669,2591
591,2601
389,2609
688,2614
723,2647
112,2650
136,2661
366,2666
678,2667
602,2676
610,2677
774,2685
794,2688
762,2695
690,2712
682,2740
230,2743
96,2748
328,2755
364,2767
226,2782
591,2803
195,2807
26,2811
679,2821
76,2826
153,2854
519,2903
180,2926
1032,2963
916,2991
279,3002
802,3005
291,3027
548,3032
46,3037
764,3038
796,3057
514,3087
289,3092
395,3112
707,3140
455,3166
719,3179
561,3185
110,3196
110,3207
388,3230
689,3247
1130,3249
835,3261
550,3331
1034,3385
779,3348
460,3350
992,3356
560,3368
918,3392
437,3405
435,3414
1035,3424
423,3442
362,3455
727,3463
994,3465
1079,3470
509,3486
502,3496
760,3500
498,3527
951,3546
517,3557
1082,3567
19,3574
931,3578
1034,3581
171,3582
879,3585
892,3586
280,3588
498,3594
882,3596
661,5639
1136,3601
228,3604
826,3606
376,3608
33,3609
419,3610
609,3613
394,3614
392,3615
34,3618
668,3620
796,3623
695,3625
689,3626
40,3628
239,3629
591,3632
239,3634
103,3635
331,3636
792,3637
103,3640
749,3641
666,3642
394,3644
28,3645
1111,3647
7,3648
676,3650
802,3652
127,3655
790,3657
668,3662
408,3663
721,3666
706,3668
611,3669
796,3673
112,3674
682,3675
392,3676
390,3677
396,3678
682,3679
394,3687
879,3688
43,3690
230,3691
195,3693
788,3696
747,3697
788,3701
384,3702
884,3704
127,3707
374,3708
689,3710
98,3711
735,3712
709,3713
775,3714
244,3715
75,3716
736,3718
204,3719
85,3720
204,3724
610,3725
705,3726
32,3727
711,3728
714,3729
109,3731
221,3732
1126,3735
621,3734
256,3736
700,3737
123,3738
329,3741
39,3744
111,3745
1003,2088
765,2121
728,2133
755,2152
193,2180
134,2461
707,2474
19,2476
398,2484
707,2493
714,2507
374,2525
679,2535
127,2536
906,2538
1133,2852
183,2865
423,2855
384,2857
357,2859
583,3042
71,3208
599,3218
329,3220
695,3227
1004,3229
608,3231
79,3235
963,4591
529,4598
951,4600
315,4602
424,2228
520,2229
478,2231
112,2245
357,2248
428,2270
799,2273
260,2278
530,2284
355,2288
461,2291
660,2307
553,2316
29,2320
1115,2321
573,2329
426,2333
177,2334
97,2335
41,2337
169,2339
129,2341
893,2353
171,2348
256,2355
289,2362
138,2364
626,2368
233,2370
289,2371
52,2373
308,2376
571,2379
513,2381
749,2386
742,2398
1007,2407
94,2413
354,2430
60,2431
551,2432
543,2433
616,2450
127,2465
378,2472
104,2475
773,2480
717,2498
338,2504
779,2508
490,2523
773,2537
606,2548
747,2550
610,2552
136,2556
628,2557
835,2560
102,2561
625,2565
690,2571
392,2574
685,4643
624,2584
978,2586
606,2587
14,2588
666,2593
802,2594
1129,2595
792,2598
138,2600
592,2606
127,2611
748,2612
336,2615
834,2616
226,2619
590,2621
591,2622
623,2624
391,2625
43,2626
690,2629
229,2630
929,2632
655,2633
220,2636
682,2644
700,2653
117,2659
911,2671
1018,2679
773,2680
965,2681
18,2684
102,2686
723,2687
229,2693
929,2700
602,2701
407,2703
617,2705
687,2708
401,2711
226,2717
632,2723
331,2725
150,2726
69,2727
96,2728
89,2731
790,2733
762,2737
101,2741
419,2742
145,2745
602,2749
762,2750
90,2753
384,2757
112,2758
704,2763
678,2765
27,2766
621,2773
589,2776
365,2781
725,2784
244,2787
860,2788
337,2790
234,2794
104,2798
591,2799
702,2806
195,2808
217,2812
796,2814
699,2815
142,2816
711,2829
169,2836
289,2837
994,2841
514,2845
165,2847
453,2856
803,2858
718,2862
423,2864
288,2868
727,2869
584,2870
367,2872
670,2875
992,2877
670,2886
1030,2887
994,2888
801,2889
161,2896
437,2897
22,2901
782,2902
280,2905
73,2909
956,2912
344,2917
578,2918
304,2925
902,2929
1033,2930
585,2931
453,2932
857,2937
1067,2942
706,2945
181,2949
500,2951
47,2954
561,2964
729,2967
802,2969
882,2971
49,2972
302,2973
290,2974
622,2239
937,2269
314,2279
768,2303
714,2309
430,2331
207,2343
806,2344
309,2352
978,2409
415,2421
381,2478
796,2573
719,2590
803,2628
802,2637
94,2641
683,2643
621,2651
610,2665
449,2702
71,2704
122,2706
386,2715
207,2722
879,2736
747,2764
331,2769
751,2770
911,2771
393,2777
740,2802
599,2805
112,2818
312,2839
892,2850
181,2853
1067,2860
728,2866
362,2883
178,2899
302,2900
283,2908
768,2911
786,2913
768,2936
1079,2940
578,2941
517,2944
565,2955
799,2957
315,2962
530,2976
455,2977
312,2983
171,2989
502,2992
260,2993
426,3000
169,3004
533,3007
312,3010
517,3015
286,3020
963,3026
292,3030
307,3031
69,3043
914,3045
1133,3053
1003,3055
73,3059
764,3094
180,3097
487,3104
102,3105
631,3114
111,3133
329,3136
106,3138
779,3142
382,3145
682,3147
792,3148
384,3151
383,3152
680,3153
352,3154
892,3157
284,3158
490,3159
180,3162
64,3164
107,3175
472,3177
1133,3180
787,3194
689,3204
134,3209
920,3213
592,3221
391,3222
710,3224
1007,3234
409,3237
36,3255
621,3256
671,3257
393,3260
127,3262
348,3263
69,3266
658,3269
461,3271
264,3278
75,3273
453,3274
516,3281
344,3282
82,3283
1039,3284
542,3287
291,3288
931,3290
268,3293
279,3296
517,3299
1139,3300
1033,3301
555,3302
318,3303
540,3304
471,3305
279,3306
916,3307
711,3308
74,3309
768,3310
550,3311
1024,3314
57,3316
282,3317
436,3318
983,3319
493,3320
411,3321
695,3322
394,3323
782,3324
799,3325
1104,3326
983,3327
283,3328
912,3329
573,3344
303,3381
852,3380
505,3338
540,3340
553,3341
1033,3343
743,3345
362,3347
322,3351
1137,3354
516,3355
766,3357
52,3359
1030,3360
356,3361
1030,3364
879,3366
453,3370
531,3371
461,3372
870,3373
806,3375
188,3376
292,3378
423,3379
64,3382
304,3384
1137,3386
457,3388
723,3389
302,3391
508,3396
181,3397
356,4599
542,4604
160,4606
915,4620
690,4623
30,4624
604,4625
530,4628
357,4631
1065,4633
280,4634
953,4635
268,4636
718,4638
710,4646
690,4652
395,4662
1074,4664
723,4670
721,4683
683,4686
714,4687
487,4691
709,4695
779,4697
719,4702
835,4707
680,4708
1017,4714
1161,4717
672,4719
1018,4725
689,4726
788,4728
720,4729
700,4731
700,4733
1074,4734
436,4735
394,4737
669,4738
578,4739
1126,4741
676,4743
668,4744
1163,4756
1164,4757
699,4758
800,4761
690,4763
937,4765
714,4767
406,4769
655,4776
710,4779
327,4788
884,4789
789,4791
679,4802
937,4815
699,4817
706,4824
670,4825
806,4826
327,4828
391,4832
394,4833
713,4836
584,4843
689,4844
395,4851
1038,4855
1003,4871
787,4873
671,4876
478,4902
578,4903
381,4920
835,4923
679,4926
660,4928
690,4931
721,4933
1168,4935
687,4939
690,4941
689,4942
706,4945
685,4949
706,4951
690,4952
1171,4956
1073,4958
1174,4967
608,4968
1176,4973
717,4975
605,4976
690,4978
688,4980
670,4981
631,4982
704,4983
631,4986
1165,4987
671,4990
611,4994
690,4998
1172,5002
704,5004
1173,5005
1180,5008
677,5009
705,5010
717,5012
619,5013
706,5014
598,5015
709,5017
598,5018
1159,5019
1072,5020
601,5021
1164,5022
1176,5023
1179,5026
665,5027
685,5028
711,5029
1073,5030
619,5031
1178,5032
689,5033
666,5035
607,5036
747,5037
703,5038
1174,5039
704,5040
1165,5042
598,5044
1178,5046
794,5047
598,5048
749,5050
690,5051
1155,5052
711,5053
678,5054
598,5055
704,5056
705,5060
1176,5061
714,5063
1074,5064
1171,5065
598,5066
735,5068
1184,5070
752,5073
678,5076
1181,5080
601,5081
704,5085
687,5087
601,5088
611,5089
704,5090
1177,5092
661,5095
1177,5097
1176,5098
589,5099
1155,5100
1185,5101
689,5103
704,5106
1176,5107
747,5108
704,5111
666,5112
717,5116
705,5119
1176,5120
670,5123
677,5125
681,5126
1163,5130
1038,4671
720,4774
1165,4780
436,4799
487,4842
1074,4993
1178,4995
661,5079
18,5131
1186,5134
502,5136
199,5137
779,5140
721,5145
436,5146
169,5150
143,5152
559,5153
143,5154
177,5156
402,5159
570,5160
179,5162
217,5163
112,5166
160,5169
931,5173
902,5176
109,5179
141,5181
206,5182
932,5183
680,5184
1126,5186
1126,5188
1139,5191
848,5192
404,5195
570,5197
226,5208
665,5209
531,5212
901,5213
587,5214
1139,5217
522,5221
315,5222
783,5224
687,5225
674,5229
1005,5231
1139,5233
316,5235
796,5237
380,5242
98,5244
548,5245
706,5250
994,5251
74,5252
832,5253
886,5254
682,5257
520,5258
839,5260
29,5262
575,5263
381,5265
432,5267
381,5269
155,5270
685,5272
29,5274
279,5275
1038,5277
133,5281
312,5282
730,5283
177,5285
141,5286
981,5288
610,5289
1074,5290
129,5292
432,5293
160,5294
1065,5296
160,5297
906,5298
309,5301
390,5302
1188,5303
167,5305
806,5308
1190,5310
59,5311
179,5312
177,5313
873,5315
1093,5319
729,5320
102,5321
1191,5330
43,5332
168,5333
1093,5334
1062,5335
1003,5336
1082,5340
682,5345
541,5346
99,5347
901,5348
309,5349
1194,5350
1140,5352
1082,5353
434,5354
312,5356
177,5357
1039,5361
431,5364
134,5367
1079,5368
104,5370
285,5371
230,5373
100,5374
196,5377
873,5379
765,5380
1196,5381
117,5383
228,5385
546,5386
143,5387
1062,5388
609,5391
290,5410
144,5417
617,5426
109,5433
160,5443
929,5444
261,5450
236,5454
551,5456
237,5462
306,5463
1197,5467
544,5468
162,5472
158,5473
532,5475
1126,5478
677,5479
493,5480
1137,5483
305,5487
791,5491
685,5498
306,5500
305,5503
438,5510
111,5517
153,5525
729,5526
167,5530
833,5534
1191,5537
532,5538
549,5540
179,5546
317,5547
98,5554
1035,5559
169,5561
159,5562
690,5564
1116,5572
690,5576
622,5586
1078,5590
992,5592
682,5593
690,5595
1062,5597
322,5599
774,4712
1162,4720
395,4730
13,4740
690,4793
704,4795
703,4846
723,4847
391,4848
655,4849
672,4863
775,4864
478,4865
800,4879
792,4880
709,4881
689,4885
783,4891
1039,4894
689,4895
487,4907
13,4912
690,4913
394,4914
389,4915
478,4916
705,4997
1165,5003
704,5006
610,5016
711,5049
689,5058
678,5067
1177,5069
661,5083
1074,5084
1180,5094
685,5121
703,5124
680,5141
682,5167
1016,5180
1126,5187
301,5219
681,5226
520,5403
1136,5485
125,5539
354,5601
356,5609
125,5612
169,5614
622,5620
89,5621
163,5622
275,5623
524,5624
354,5631
1065,5634
197,5636
661,5640
600,5641
1003,5642
1074,5643
98,5651
937,5652
832,5656
1113,5657
154,5658
1101,5663
1104,5668
57,5673
534,5678
1079,5679
84,5687
1082,5689
958,5693
901,5696
793,5698
381,5701
566,5704
1204,5708
685,5710
685,5711
84,5714
517,5715
1067,5719
409,5720
571,5721
353,5724
1024,5725
525,5732
902,5734
1080,5736
937,5737
112,5738
1033,5739
1067,5740
545,5742
306,5750
1205,5754
1180,5766
665,5770
668,5777
718,5778
719,5792
723,5798
705,5799
1126,5802
677,5807
1208,5808
1074,5809
1209,5810
1126,5813
681,5814
681,5816
685,5817
754,5819
1074,5823
706,5824
1074,5827
1180,5828
677,5829
1211,5833
1212,5835
693,5836
708,5837
670,5844
1213,5846
718,5848
698,5853
589,5855
710,5856
1176,5866
720,5867
1165,5869
704,5870
704,5876
685,5882
1165,5883
1208,5884
713,5885
670,5886
668,5889
670,5893
718,5895
1149,5898
713,5899
681,5900
1176,5907
717,5912
711,5915
1074,5917
712,5919
681,5921
667,5922
1211,5923
1207,5926
670,5927
713,5928
1216,5930
629,5931
710,5932
1176,5933
703,5937
667,5938
1217,5940
665,5941
693,5943
685,5944
711,5945
1216,5946
692,5948
717,5952
677,5954
1180,5955
680,5959
670,5966
1074,5970
602,5971
1176,5972
1221,5973
1191,5974
1163,5976
680,5977
711,5980
628,5981
685,5988
1183,5135
1038,5142
721,5144
160,5168
501,5189
439,5196
519,5200
903,5202
520,5384
578,5392
100,5399
301,5400
26,5402
305,5408
353,5415
545,5419
579,5420
571,5423
873,5424
519,5425
436,5429
285,5432
796,5437
112,5438
877,5440
806,5448
903,5452
504,5453
161,5458
1114,5466
154,5471
101,5481
544,5484
102,5522
551,5579
520,5580
1201,5581
661,5583
1092,5587
437,5625
315,5626
570,5633
1097,5670
587,5672
1039,5674
283,5743
704,5820
665,5822
1208,5861
706,5864
711,5873
1074,5881
1216,5896
631,5910
1211,5936
631,5939
1074,5984
704,5987
1165,5990
1219,5991
665,5993
699,5997
665,6000
1207,6001
1176,6004
677,6005
706,6006
689,6008
237,6010
117,6013
136,6015
113,6017
102,6018
78,6023
229,6027
699,6028
161,6033
44,6037
26,6042
182,6044
1137,6046
199,6047
141,6054
89,6055
188,6057
125,6058
188,6061
102,6062
314,6063
47,6066
178,6072
100,6075
76,6086
29,6089
89,6093
159,6096
52,6099
900,6103
387,6105
748,6108
774,6111
774,6112
719,6113
609,6118
1065,6123
551,6128
329,6136
329,6147
720,6156
792,6158
1225,6165
1228,6167
601,6168
1183,6172
598,6174
689,6175
1232,6176
1233,6177
1183,6182
607,6183
602,6184
1225,6185
397,6186
596,6187
1235,6191
1228,6192
688,6193
790,6197
615,6201
618,6203
379,6204
621,6205
618,6210
1166,6213
704,6214
1238,6215
1239,6216
1240,6218
1237,6220
783,6224
327,6225
1237,6226
797,6229
584,6233
615,6234
1244,6235
327,6236
685,6239
680,6241
1168,6244
1074,6245
680,6247
1246,6250
689,6252
675,6258
778,6259
665,6260
680,6261
681,6262
678,6263
774,6264
394,6265
1238,6266
1247,6267
1172,6268
1248,6269
371,6270
1250,6272
621,6273
628,6281
398,6283
591,6284
590,6285
413,6286
578,6294
1244,6295
578,6298
578,6299
1238,6301
1166,6302
1165,6304
1244,6306
1166,6307
1244,6308
1237,6309
774,6310
584,6315
1243,6317
1078,5497
931,5499
44,5501
375,5502
85,5508
433,5511
171,5515
209,5521
551,5532
829,5535
117,5613
131,5627
571,5647
353,5653
540,5659
239,5662
428,5665
478,5706
569,5747
1168,5760
670,5780
1074,5786
1074,5790
1208,5815
683,5847
705,5854
704,5920
1149,5934
1216,5949
712,5956
747,5986
279,6074
342,6095
361,6107
688,6148
387,6160
718,6161
721,6162
720,6163
681,6164
773,6166
1231,6173
1231,6179
1174,6180
1225,6181
369,6188
598,6190
1174,6195
790,6198
1225,6200
1166,6202
480,6206
621,6207
1236,6208
614,6209
480,6211
1241,6219
617,6228
1244,6232
680,6243
683,6246
683,6248
678,6254
690,6255
787,6257
398,6282
629,6287
401,6290
798,6292
1237,6303
327,6305
774,6311
709,6313
578,6321
717,6336
689,6337
721,6339
1160,6347
678,6355
13,6356
689,6358
1254,6360
1256,6367
670,6368
1074,6371
665,6373
1258,6374
1176,6375
1219,6376
670,6379
1208,6382
709,6385
1074,6386
670,6392
1191,6393
1207,6394
706,6395
719,6397
693,6398
713,6400
687,6401
665,6403
226,6404
1254,6406
1257,6407
29,6409
512,6410
1259,6411
526,6412
1260,6416
1257,6417
1261,6418
1257,6419
29,6420
1261,6424
756,6425
29,6426
756,6427
1192,6429
703,6430
719,6431
1216,6432
1074,6434
1262,6435
29,6439
719,6440
690,6441
1191,6442
668,6443
710,6444
696,6445
1165,6447
1192,6450
1176,6453
1225,6454
1149,6455
685,6456
1192,6459
1219,6460
756,6463
703,6464
1125,6466
1219,6467
696,6468
692,6469
680,6471
1222,6475
1180,6476
627,6479
1222,6480
1126,6483
683,6486
1220,6488
626,6490
1254,6492
1216,6493
690,6496
703,6497
691,6499
668,6503
1222,6504
1191,6505
1126,6509
708,6510
690,6511
494,6513
719,6514
1176,6516
1192,6520
705,6521
66,6525
695,6528
1176,6531
690,6532
722,6534
1222,6536
1225,6537
494,6538
1263,6539
1126,6540
719,6541
1160,6544
722,6545
713,6546
84,6547
680,6548
710,6549
680,6551
1229,6169
331,6171
601,6199
628,6289
632,6291
584,6297
1238,6300
1166,6312
1237,6319
1244,6322
1239,6323
327,6327
709,6331
708,6335
680,6342
680,6343
787,6345
685,6348
719,6351
681,6354
685,6359
1254,6363
1180,6366
494,6369
684,6378
718,6380
85,6383
696,6388
718,6390
1074,6391
701,6396
1208,6402
1257,6405
1254,6408
1257,6413
29,6414
1257,6415
1225,6436
29,6449
1218,6458
1165,6462
1192,6465
690,6472
710,6474
1191,6477
1176,6478
1126,6481
1222,6482
714,6485
122,6494
1192,6498
713,6500
1160,6501
1176,6502
668,6512
703,6517
1185,6524
1165,6527
1094,6529
665,6530
1149,6533
692,6535
1264,6542
695,6550
703,6552
704,6557
1265,6558
1165,6559
1126,6560
704,6561
152,6562
680,6564
1265,6566
690,6572
1216,6574
718,6576
705,6578
1219,6581
1180,6583
670,6584
1168,6586
695,6587
1267,6591
1266,6593
694,6596
721,6598
1149,6599
1074,6600
723,6601
704,6603
720,6606
705,6608
683,6609
708,6610
1268,6611
684,6620
1222,6621
1267,6623
674,6626
1192,6629
84,6630
692,6631
1176,6634
1266,6637
84,6644
1165,6647
708,6648
1266,6649
665,6650
1269,6651
126,6652
691,6653
708,6654
621,6230
608,6655
670,6661
688,6663
440,6667
386,6668
436,6669
1270,6671
436,6673
709,6676
724,6680
1074,6681
389,6682
1038,6683
721,6696
1166,6700
689,6701
709,6702
661,6706
712,6710
661,6712
708,6714
787,6715
712,6717
389,6719
709,6720
493,3062
583,3068
1020,3078
655,3081
177,3082
1034,3088
29,3090
487,3101
226,3103
929,3107
103,3109
419,3110
683,3120
709,3121
94,3125
24,3126
749,3129
239,3131
826,3132
762,3183
550,3186
473,3189
1137,3190
41,3198
22,3265
66,3398
1024,3399
291,3400
583,3402
722,3406
543,3409
356,3410
285,3415
1067,3420
508,3422
64,3423
47,3425
931,3426
66,3427
553,3428
786,3433
964,3434
806,3437
170,3438
82,3439
918,3440
1133,3441
435,3443
1039,3444
1034,3447
555,3448
1063,3449
1034,3450
461,3452
953,3453
928,3456
729,3457
525,3458
80,3459
1035,3460
548,3461
951,3462
456,3464
362,3467
585,3468
587,3469
169,3471
742,3472
1018,3473
383,3474
1003,3475
502,3477
760,3479
1033,3480
768,3481
1071,3485
514,3487
275,3488
930,3489
509,3490
439,3491
573,3492
552,3493
502,3494
169,3495
362,3497
508,3498
207,5826
1033,3501
356,3502
556,3505
1032,3506
412,3508
730,3510
782,3511
155,3513
587,3515
937,3516
282,3517
498,3518
506,3519
765,3520
1034,3525
525,3528
578,3531
438,3533
301,3534
870,3535
157,3536
167,3539
983,3540
904,3542
423,3544
269,3547
167,3548
509,3550
532,3554
506,3555
453,3558
975,3559
954,3560
585,3564
892,3568
531,3571
664,3575
525,3576
975,3577
852,3579
532,3580
778,3583
1034,3584
513,3587
729,3589
992,3590
1034,3591
547,3592
544,3593
550,3595
1005,3597
508,3599
690,3600
394,3602
707,3603
80,3605
394,3607
134,3611
368,3612
1005,3617
884,3619
136,3621
395,3622
670,3624
110,3627
803,3630
880,3631
1136,3633
670,3638
708,3639
690,3643
199,3646
690,3649
96,3651
607,3653
806,3654
803,3656
859,3658
852,3659
330,3660
690,3661
897,3664
706,3665
1064,3667
827,3670
407,3671
412,3672
243,3680
256,3681
763,3682
702,3683
755,3684
620,3685
706,3686
699,3689
714,3692
965,3694
993,3695
802,3698
700,3699
783,6217
783,6324
584,6325
705,6334
1222,6451
1223,6452
1149,6487
704,6543
1216,6568
1219,6570
704,6579
1074,6582
710,6633
1038,6666
13,6688
717,6707
880,3700
141,3706
879,3709
111,3722
700,3730
709,3739
100,3746
629,3748
100,3749
708,3750
682,3753
717,3754
255,3759
113,3760
220,3762
29,3763
13,3764
672,3766
724,3767
607,3768
725,3769
779,3770
779,3772
373,3773
683,3777
810,3779
623,3780
826,3781
131,3782
1005,3786
221,3787
487,3788
406,3789
666,3797
67,3798
112,3799
724,3800
682,3804
122,3807
1074,3808
689,3812
686,3819
440,3820
111,3827
44,3828
810,3830
476,3851
747,3834
735,3835
375,3852
724,3840
395,3841
599,3844
668,3845
722,3848
109,3849
112,3850
666,3854
688,3856
29,3858
897,3859
69,3863
14,3867
234,3871
22,3873
826,3875
607,3876
392,3880
408,3890
704,3899
32,3903
13,3904
127,3906
719,3913
111,3920
880,3924
789,3932
624,3935
775,3936
384,3937
711,3939
121,3940
689,3941
789,3942
789,3945
407,3946
407,3948
383,3949
100,3952
411,3953
82,3955
11,3957
690,3958
668,3962
762,3963
142,3964
256,3968
689,3970
689,3971
749,3975
682,3984
235,3985
395,3986
101,3990
98,3991
100,3992
718,3994
389,3996
122,3998
106,4000
90,4001
397,4002
389,4004
375,4012
364,3703
706,3705
7,3717
75,3721
79,3740
414,3743
242,3752
239,3758
243,3761
143,3774
36,3783
106,3784
725,3785
710,3791
626,3793
618,3796
478,3817
655,3818
684,3825
327,3826
735,3839
835,3847
98,3862
707,3866
98,3868
398,3872
13,3874
789,3900
199,3912
834,3916
13,3922
404,3923
717,3925
117,3926
102,3928
85,3929
111,3931
240,3933
71,3934
618,3938
796,3943
666,3947
906,3950
412,3951
1007,3954
798,3959
590,3960
717,3961
395,3965
708,3967
19,3969
835,3976
412,3977
412,3978
677,3980
677,3981
381,3983
683,3987
724,3988
670,3989
76,3993
244,3995
666,3997
666,3999
487,4003
884,4005
937,4008
601,4009
690,4010
683,4011
806,4013
1004,3747
198,3751
690,3755
1005,3756
102,3757
412,3765
1017,3771
993,3775
704,3776
700,3778
670,3790
655,3792
395,3794
690,3795
719,3801
487,3802
671,3806
880,3809
438,3810
438,3813
690,3814
1146,3815
774,3816
690,3821
655,3822
440,3823
385,3824
704,3829
800,3833
111,3836
806,3837
18,3842
40,3843
993,3853
384,3855
700,3857
712,3860
487,3861
789,3864
704,3865
680,3869
664,3870
102,3877
711,3878
588,3879
882,3888
710,3889
713,3897
412,3898
487,3902
695,3905
394,3907
702,3908
790,3909
775,3910
789,3911
411,3914
667,3915
685,3917
880,3919
127,4014
912,4015
154,4016
14,4017
530,4018
682,4020
159,4023
435,4025
269,4029
561,4030
83,4032
260,4033
304,4034
460,4035
918,4037
1065,4039
1148,4040
501,4042
439,4043
685,4644
1011,4046
1017,4049
778,4050
261,4052
270,4611
74,4054
357,4055
303,4057
259,4058
279,4059
64,4060
727,4062
729,4063
1024,4064
1067,4065
1065,4066
548,4067
1149,4069
381,4072
228,4074
27,4076
754,4079
704,4081
762,4082
880,4085
621,4086
690,4089
395,4090
7,4093
711,4094
685,4095
411,4096
724,4097
702,4098
766,4099
393,4101
76,4103
121,4106
79,4108
80,4110
561,4111
623,4112
1018,4113
327,4114
66,4116
272,4117
53,4119
73,4127
791,4129
764,4131
280,4132
288,4134
67,4136
69,4137
24,4138
160,4139
793,4140
331,4141
160,4142
177,4144
75,4150
127,4152
167,4154
439,4155
177,4159
289,4163
52,4165
279,4166
500,4167
1026,4169
54,4170
19,4171
261,4172
473,4175
154,4177
73,4178
52,4182
65,4183
188,4185
273,4186
162,4188
69,4192
69,4194
65,4199
803,4202
82,4203
153,4204
13,4208
806,4209
160,4210
183,4211
279,4212
272,4213
39,4214
64,4218
391,4219
588,4223
53,4229
261,4232
64,4237
64,4239
286,4241
82,4243
870,4245
76,4247
880,4248
283,4249
1047,4250
875,4263
290,4268
873,4269
152,4275
826,4274
82,4276
46,4277
64,4280
267,4281
177,4282
136,4285
160,4290
79,4287
690,4293
55,4295
747,4296
563,4297
665,4306
69,4307
357,4309
492,4311
278,4315
75,4314
288,4316
67,4320
745,4321
901,4335
1152,4352
901,4379
834,4385
602,4386
598,4388
598,4389
661,4393
792,4394
404,4403
720,4404
709,4406
585,4408
329,4413
712,4415
719,4420
1154,4421
718,4423
721,4429
806,4432
711,4433
725,4435
689,4437
720,4440
708,4441
689,4444
666,4447
722,4450
834,4452
719,4453
806,4454
718,4455
689,4456
672,4457
437,4019
992,4041
74,4044
412,4083
660,4092
1155,4460
835,4464
13,4468
394,4469
690,4473
718,4475
721,4477
721,4486
1156,4489
879,4492
775,4493
672,4494
13,4495
435,4496
395,4497
807,4498
780,4499
383,4500
658,4501
487,4505
700,4503
487,4506
705,4507
381,4509
1074,4511
699,4512
695,4513
807,4514
713,4515
721,4516
666,4520
1039,4521
584,4523
713,4524
806,4526
408,4527
720,4529
440,4531
695,4534
700,4535
722,4536
937,4537
702,4538
700,4539
806,4540
384,4541
775,4542
937,4544
1157,4545
778,4553
700,4554
835,4556
1003,4557
1074,4559
1018,4562
709,4563
937,4564
806,4565
394,4566
806,4567
682,4568
440,4569
1018,4570
708,4572
1039,4573
695,4574
407,4575
695,4576
700,4577
806,4578
713,4579
806,4580
435,4581
787,4582
381,4583
291,4584
930,4588
279,4589
438,4590
583,4593
1159,4594
667,4595
547,4596
956,4597
1126,4603
75,4605
46,4607
920,4608
71,4609
293,4610
190,4612
727,4613
721,4615
1082,4616
154,4617
505,4618
963,4621
453,4622
884,4626
807,4627
306,4629
685,5279
1032,4632
425,4639
877,4640
525,4641
435,4647
807,4649
681,4654
1002,4655
1004,4658
676,4659
710,4661
789,4665
436,4666
690,4667
792,4668
1126,4669
683,4672
682,4679
384,4681
13,4684
1018,4685
411,4688
683,4689
690,4690
689,4692
911,4693
835,4706
1160,4709
835,4710
713,4711
706,4713
665,4715
783,4718
695,4722
670,4723
829,4724
717,4727
671,4736
1038,4742
704,4746
778,4749
937,4760
711,4762
679,4764
725,4766
668,4784
689,4785
695,4790
779,4792
689,4794
787,4797
719,4804
1166,4807
711,4809
689,4820
704,4822
689,4823
408,4831
666,4834
826,4835
327,4839
1167,4845
381,4850
660,4857
884,4860
774,4875
835,4878
775,4890
18,4900
702,4901
690,4905
689,4906
411,4908
578,4922
1074,4925
835,4927
487,4929
666,4930
327,4932
668,4936
629,4937
28,4021
1148,4022
65,4024
848,4026
73,4027
46,4028
111,4031
768,4036
282,4038
794,4047
398,4048
181,4051
153,4056
288,4061
386,4068
985,4070
725,4071
806,4073
96,4075
109,4077
714,4078
78,4080
670,4084
670,4091
775,4100
40,4102
954,4105
516,4107
49,4109
293,4115
700,4118
456,4120
453,4122
714,4123
169,4124
545,4125
358,4126
730,4128
877,4133
522,4135
932,4143
729,4145
455,4148
356,4149
690,4151
555,4153
529,4156
510,4157
1104,4158
913,4160
556,4164
268,4173
304,4174
525,4176
964,4179
555,4180
1030,4181
532,4184
73,4187
352,4190
357,4191
437,4193
916,4195
917,4196
544,4197
82,4198
877,4200
259,4205
537,4206
479,4207
556,4215
685,4217
550,4220
1065,4221
931,4222
877,4224
545,4225
954,4226
1151,4227
1076,4228
533,4230
1104,4231
857,4233
501,4234
537,4235
1133,4236
523,4238
983,4242
505,4244
963,4246
344,4251
775,4252
931,4253
493,4254
917,4255
730,4256
540,4257
552,4258
1079,4259
525,4260
529,4261
280,4262
690,4264
556,4265
532,4267
504,4270
502,4271
918,4272
555,4278
918,4279
918,4283
956,4284
550,4288
275,4289
685,4291
356,4292
461,4294
528,4298
775,4300
470,4301
765,4303
690,4308
529,4305
775,4310
458,4312
683,4317
954,4318
585,4319
690,4322
1152,4323
668,5756
354,4325
354,4326
353,4327
520,4329
668,5757
899,4331
690,4333
571,4334
571,4336
569,4337
571,4338
571,4339
671,4340
1153,4342
1153,4343
569,4344
899,4346
529,4347
901,4348
660,4349
566,4350
452,4351
409,4353
520,4354
1152,4355
306,4357
1206,5761
1164,5768
353,4360
520,4361
513,4362
571,4363
1152,4364
571,4365
306,4366
571,4367
566,4368
354,4369
993,4370
1072,5793
354,4372
354,4373
571,4374
629,5795
569,4376
571,4377
706,4803
901,4381
1152,4382
974,4383
571,4384
712,4387
408,4390
665,4391
403,4392
423,4395
1034,4396
351,4161
954,4168
318,4240
914,4302
520,4328
569,4332
306,4345
452,4356
1034,4397
616,5178
690,4399
585,4400
585,4401
403,4402
408,4405
806,4409
585,4410
604,4411
1074,4412
425,4414
708,4416
678,4417
1005,4418
712,4419
1074,4422
685,4614
708,4425
381,4426
1018,4428
717,4430
678,4431
584,4434
665,4436
689,4438
584,4439
679,4442
705,4443
681,4445
384,4446
406,4448
668,4449
1003,4451
678,4461
788,4462
435,4463
783,4465
1017,4466
487,4472
436,4476
679,4478
714,4480
707,4483
788,4485
713,4488
678,4490
912,4637
391,4653
722,4660
435,4673
779,4680
1002,4694
665,4699
689,4700
792,4701
18,4703
702,4704
670,4721
672,4732
690,4759
411,4768
407,4770
1039,4772
1074,4773
783,4775
806,4777
806,4778
710,4783
411,4786
783,4787
806,4796
690,4798
578,4800
695,4801
714,4805
671,4806
1001,4808
774,4812
1039,4816
721,4818
687,4821
690,4827
670,4830
584,4852
395,4853
783,4856
1169,4938
788,4940
632,4943
688,4944
706,4946
643,4948
660,4950
688,4953
1170,4954
704,4955
1172,4957
633,4959
629,4961
1173,4962
592,4963
1074,4964
689,4966
598,4969
608,4971
626,4972
1177,4974
690,4977
1164,4979
746,4984
631,4985
610,4988
598,4991
601,5057
685,5082
704,5113
1176,5115
704,5117
882,5148
111,5170
142,5205
18,5227
386,5230
1096,5234
903,5236
142,5239
1078,5240
556,5241
929,5243
33,5246
31,5247
522,5248
102,5249
556,5255
569,5256
134,5259
98,5261
220,5266
270,5268
357,5271
749,5273
687,5276
339,5280
502,5287
549,5291
306,5295
435,5299
1189,5304
26,5306
255,5307
618,5309
319,5314
571,5318
301,5322
1061,5323
169,5324
665,5326
543,5328
478,5329
1192,5331
661,5337
877,5338
308,5339
581,5341
381,5344
570,5351
848,5355
304,5358
438,5359
169,5360
530,5362
690,5363
1016,5365
152,5366
142,5369
290,5372
29,5375
1195,5376
806,5378
1150,4121
83,4130
288,4146
291,4147
80,4216
312,4266
520,4341
1001,4642
423,4407
436,4467
681,4508
774,4552
453,4601
655,4837
937,4841
792,4854
406,4858
835,4869
1039,4870
1074,4884
707,4889
13,4897
682,4910
678,4917
1168,5755
709,4947
668,4965
621,4999
1155,5000
1181,5011
589,5045
401,5071
687,5086
685,5102
751,5118
665,5122
590,5129
622,5147
764,5198
256,5206
226,5238
316,5264
729,5284
502,5327
490,5342
104,5382
540,5389
57,5390
381,5393
160,5394
261,5395
1036,5396
165,5397
102,5398
143,5404
309,5405
1033,5409
981,5411
478,5413
1056,5414
680,5416
622,5422
1011,5427
587,5428
153,5430
164,5434
1011,5435
270,5436
495,5442
41,5447
161,5451
101,5457
958,5460
309,5461
291,5469
353,5470
531,5474
1078,5476
217,5482
174,5488
85,5489
478,5490
1032,5492
931,5494
381,5495
556,5496
141,5504
96,5505
34,5507
1033,5512
573,5514
141,5516
1018,5518
260,5519
1136,5520
174,5524
510,5529
1077,5533
279,5536
556,5541
310,5542
94,5543
355,5544
36,5545
1062,5548
47,5549
918,5550
424,5551
310,5552
1139,5553
426,5556
616,5557
557,5558
142,5560
690,5563
1199,5565
122,5566
1136,5567
1137,5568
793,5569
540,5570
621,5571
882,5573
742,5577
1200,5578
833,5582
142,5584
33,5588
169,5589
381,5591
749,5594
452,5596
439,5598
29,5600
339,5602
514,5603
552,5605
276,5606
1016,5607
195,5610
1080,5611
436,5615
145,5616
1080,5617
902,5618
683,5628
1011,5629
144,5630
127,5632
600,5635
937,5637
179,5638
102,5644
117,5645
810,5648
98,5649
103,5650
104,5654
915,5655
33,5660
278,5661
873,5664
1032,5666
143,5667
506,5669
848,5676
169,5677
796,5680
187,5681
1035,5682
685,5684
570,5685
102,5692
303,5695
354,5699
160,5709
305,5716
572,5718
690,5723
187,5730
685,5735
347,5745
768,5746
520,5748
899,5749
571,5751
354,5752
668,5759
391,4458
723,4459
806,4474
666,4479
712,4481
665,4482
327,4484
391,4487
792,4491
17,4619
699,4645
670,4648
383,4650
669,4651
666,4656
661,4657
394,4663
487,4674
829,4675
787,4676
478,4677
700,4678
672,4716
1074,4745
487,4747
775,4748
700,4750
665,4751
1003,4752
389,4753
1003,4754
695,4755
710,4781
710,4782
717,4810
440,4811
679,4813
1074,4814
937,4819
699,4829
775,4838
1039,4888
1038,4909
698,4960
329,5001
678,5109
806,5143
678,5228
1198,5486
513,5509
937,5523
431,5528
546,5531
587,5574
167,5575
239,5585
1193,5604
727,5619
1072,5671
498,5688
892,5690
181,5691
161,5703
419,5705
431,5741
506,5744
718,5758
1168,5762
1206,5763
1206,5764
709,5765
52,5767
668,5769
674,5771
674,5773
1206,5774
668,5775
1206,5776
1180,5779
1180,5781
674,5782
1205,5783
1074,5784
665,5785
718,5787
1168,5788
718,5789
553,5791
1163,5794
666,5796
1207,5797
714,5800
713,5801
718,5803
687,5804
720,5805
791,5806
665,5811
13,5818
723,5821
752,5825
714,5831
685,5832
711,5834
1126,5838
685,5839
669,5840
1172,5841
1163,5842
707,5843
1126,5845
670,5849
711,5850
1214,5851
721,5852
13,5857
711,5858
710,5859
710,5860
1165,5862
749,5863
720,5865
712,5868
705,5871
1074,5872
719,5874
1215,5875
677,5877
687,5878
688,5879
677,5880
1074,5887
713,5888
683,5890
1074,5891
688,5892
1180,5894
708,5897
713,5901
685,5902
705,5903
1163,5904
707,5905
1176,5906
1165,5908
719,5909
689,5911
665,5913
722,5914
718,5916
1074,5918
707,5924
703,5925
703,5935
677,5942
1125,5947
693,5950
711,5951
668,5953
703,5957
1208,5958
1218,5960
1074,5961
1207,5962
1219,5963
1074,5964
718,5965
1074,5967
665,5968
1074,5975
704,5979
1072,5982
1173,5989
1219,5992
691,5995
1222,5996
1217,5999
677,6002
677,6003
705,6007
101,6009
1011,6014
29,6019
220,6025
240,6034
179,6039
685,6050
75,6071
1168,6240
401,6288
1238,6296
671,6346
584,6372
1074,6387
703,6428
13,6438
1126,6506
718,6526
1256,6592
1266,6605
1192,6638
719,6643
387,6665
1273,6697
384,6704
1238,6708
1272,6718
696,6377
695,6381
691,6384
718,6389
665,6399
722,6421
722,6422
126,6423
677,6433
1176,6437
1180,6446
626,6448
696,6457
1216,6461
710,6470
694,6473
713,6484
626,6489
1160,6491
626,6495
631,6507
707,6508
631,6515
710,6518
703,6519
1126,6522
605,6523
1220,6588
680,6607
670,6635
1165,6640
691,6642
1237,6662
327,6672
729,6674
1237,6689
690,6694
1074,6698
396,6709
693,6716
709,6553
705,6554
13,6555
670,6556
1266,6580
1266,6585
1264,6595
692,6597
1263,6602
1267,6604
1165,6612
705,6613
691,6614
718,6615
29,6616
670,6617
670,6618
719,6619
1225,6624
1220,6625
1266,6628
719,6639
709,6645
13,6656
672,6657
711,6658
1270,6659
718,6675
661,6677
780,6678
381,6684
578,6687
683,6690
1272,6691
780,6692
1168,6693
661,6699
658,6711
685,6713
1180,6563
703,6565
1225,6567
29,6569
1176,6571
1192,6573
684,6575
1216,6577
126,6589
683,6590
1222,6594
670,6622
1176,6627
1074,6632
680,6636
1214,6641
723,6646
436,6660
396,6664
1271,6670
1271,6679
709,6685
783,6686
1038,6695
389,6703
669,6705
1017,4504
689,4510
718,4517
478,4518
801,4519
391,4522
391,4525
391,4528
705,4530
718,4532
666,4533
779,4543
1002,4546
435,4548
672,4549
1158,4551
1158,4551
655,4551
384,4555
689,4558
783,4560
714,4561
780,4571
689,4698
801,4705
578,4771
704,4840
394,4859
381,4861
660,4862
683,4866
391,4867
1074,4868
801,4872
774,4874
722,4877
440,4882
937,4883
783,4886
884,4887
436,4892
436,4893
407,4896
789,4898
884,4899
678,4904
705,4911
806,4918
702,4919
1074,4921
706,4970
619,4989
605,4992
749,4996
1179,5007
665,5024
598,5025
665,5034
628,5041
598,5043
1183,5059
666,5062
611,5072
688,5074
705,5075
685,5077
1171,5078
621,5091
1168,5093
1155,5096
1171,5104
1179,5105
685,5110
679,5114
1074,5127
681,5128
682,5132
160,5133
360,5138
178,5139
220,5149
243,5151
342,5155
71,5157
98,5158
142,5161
1137,5164
34,5171
810,5172
112,5174
220,5175
306,5177
1058,5185
373,5190
47,5193
768,5194
796,5199
1101,5201
1074,5203
574,5204
690,5207
240,5210
135,5211
166,5215
133,5216
806,5218
360,5220
587,5401
502,5406
283,5412
163,5421
901,5431
319,5441
690,5445
1032,5465
348,5675
1203,5702
1032,5707
756,5712
552,5713
1062,5726
153,5729
355,5731
1168,5753
665,5772
688,5929
1220,5969
677,5978
703,5983
1222,5985
668,5994
719,5998
236,6011
701,6029
178,6043
278,6051
283,6052
799,6073
19,509
98,6080
100,6081
141,6083
278,6087
1137,6088
291,6090
1223,6091
312,6092
353,6100
387,6104
387,6106
717,6109
801,6110
681,6114
681,6117
377,6122
901,6124
522,6129
533,6130
780,6137
780,6141
1227,6142
1177,6146
1168,6152
680,6153
1074,6154
721,6157
608,943
1205,6194
1237,6212
1238,6221
1239,6222
1237,6223
1242,6227
1243,6231
714,6237
1166,6238
13,6242
1074,6249
391,6251
685,6253
623,6256
1249,6271
327,6274
578,6275
1238,6277
327,6278
1166,6279
584,6280
